{"moves_count": 33, "player_one_settings": {"AI": "min-max", "options": {"windowLength": 4}}, "player_two_settings": {"AI": "min-max", "options": {"windowLength": 2}}, "time_elapsed_player_one": 8.685553200011782, "time_elapsed_player_two": 4.891665000010107, "tab": [["red", "red", "", "red", "black", "", ""], ["black", "black", "", "black", "red", "black", ""], ["red", "red", "", "red", "black", "red", ""], ["black", "black", "black", "black", "black", "black", ""], ["red", "black", "red", "red", "black", "red", ""], ["red", "red", "red", "black", "red", "black", "black"]], "first_player": "player_one", "winner": "player_one", "list_of_moves": {"1": {"row": 5, "col": 3, "color": "black"}, "2": {"row": 4, "col": 3, "color": "red"}, "3": {"row": 3, "col": 3, "color": "black"}, "4": {"row": 5, "col": 1, "color": "red"}, "5": {"row": 4, "col": 1, "color": "black"}, "6": {"row": 2, "col": 3, "color": "red"}, "7": {"row": 3, "col": 1, "color": "black"}, "8": {"row": 5, "col": 0, "color": "red"}, "9": {"row": 1, "col": 3, "color": "black"}, "10": {"row": 2, "col": 1, "color": "red"}, "11": {"row": 1, "col": 1, "color": "black"}, "12": {"row": 0, "col": 3, "color": "red"}, "13": {"row": 5, "col": 5, "color": "black"}, "14": {"row": 5, "col": 4, "color": "red"}, "15": {"row": 4, "col": 4, "color": "black"}, "16": {"row": 4, "col": 0, "color": "red"}, "17": {"row": 3, "col": 0, "color": "black"}, "18": {"row": 2, "col": 0, "color": "red"}, "19": {"row": 1, "col": 0, "color": "black"}, "20": {"row": 0, "col": 0, "color": "red"}, "21": {"row": 3, "col": 4, "color": "black"}, "22": {"row": 0, "col": 1, "color": "red"}, "23": {"row": 2, "col": 4, "color": "black"}, "24": {"row": 1, "col": 4, "color": "red"}, "25": {"row": 0, "col": 4, "color": "black"}, "26": {"row": 5, "col": 2, "color": "red"}, "27": {"row": 5, "col": 6, "color": "black"}, "28": {"row": 4, "col": 5, "color": "red"}, "29": {"row": 3, "col": 5, "color": "black"}, "30": {"row": 2, "col": 5, "color": "red"}, "31": {"row": 1, "col": 5, "color": "black"}, "32": {"row": 4, "col": 2, "color": "red"}, "33": {"row": 3, "col": 2, "color": "black"}}}