{"moves_count": 15, "player_one_settings": {"AI": "min-max", "options": {"windowLength": 4}}, "player_two_settings": {"AI": "min-max", "options": {"windowLength": 4}}, "time_elapsed_player_one": 7.170309299996006, "time_elapsed_player_two": 6.415023499997915, "tab": [["", "", "red", "black", "", "", ""], ["", "", "red", "black", "", "", ""], ["", "", "black", "red", "", "", ""], ["", "", "red", "black", "", "", ""], ["", "", "black", "red", "black", "", ""], ["", "", "red", "black", "red", "black", ""]], "first_player": "player_one", "winner": "player_one", "list_of_moves": {"1": {"row": 5, "col": 3, "color": "black"}, "2": {"row": 5, "col": 2, "color": "red"}, "3": {"row": 4, "col": 2, "color": "black"}, "4": {"row": 3, "col": 2, "color": "red"}, "5": {"row": 2, "col": 2, "color": "black"}, "6": {"row": 4, "col": 3, "color": "red"}, "7": {"row": 3, "col": 3, "color": "black"}, "8": {"row": 2, "col": 3, "color": "red"}, "9": {"row": 1, "col": 3, "color": "black"}, "10": {"row": 1, "col": 2, "color": "red"}, "11": {"row": 0, "col": 3, "color": "black"}, "12": {"row": 0, "col": 2, "color": "red"}, "13": {"row": 5, "col": 5, "color": "black"}, "14": {"row": 5, "col": 4, "color": "red"}, "15": {"row": 4, "col": 4, "color": "black"}}}