{"moves_count": 31, "player_one_settings": {"AI": "min-max", "options": {"windowLength": 4}}, "player_two_settings": {"AI": "min-max", "options": {"windowLength": 4}}, "time_elapsed_player_one": 8.491202200006228, "time_elapsed_player_two": 10.287969299999531, "tab": [["black", "", "black", "black", "", "black", ""], ["red", "", "red", "black", "", "red", "red"], ["black", "", "red", "red", "", "red", "black"], ["red", "", "red", "red", "", "black", "red"], ["black", "red", "black", "black", "", "red", "black"], ["red", "black", "black", "red", "", "black", "red"]], "first_player": "player_two", "winner": "player_two", "list_of_moves": {"1": {"row": 5, "col": 3, "color": "red"}, "2": {"row": 4, "col": 3, "color": "black"}, "3": {"row": 3, "col": 3, "color": "red"}, "4": {"row": 5, "col": 2, "color": "black"}, "5": {"row": 2, "col": 3, "color": "red"}, "6": {"row": 4, "col": 2, "color": "black"}, "7": {"row": 3, "col": 2, "color": "red"}, "8": {"row": 1, "col": 3, "color": "black"}, "9": {"row": 2, "col": 2, "color": "red"}, "10": {"row": 0, "col": 3, "color": "black"}, "11": {"row": 1, "col": 2, "color": "red"}, "12": {"row": 0, "col": 2, "color": "black"}, "13": {"row": 5, "col": 6, "color": "red"}, "14": {"row": 5, "col": 5, "color": "black"}, "15": {"row": 4, "col": 5, "color": "red"}, "16": {"row": 3, "col": 5, "color": "black"}, "17": {"row": 2, "col": 5, "color": "red"}, "18": {"row": 4, "col": 6, "color": "black"}, "19": {"row": 5, "col": 0, "color": "red"}, "20": {"row": 4, "col": 0, "color": "black"}, "21": {"row": 3, "col": 0, "color": "red"}, "22": {"row": 2, "col": 0, "color": "black"}, "23": {"row": 3, "col": 6, "color": "red"}, "24": {"row": 2, "col": 6, "color": "black"}, "25": {"row": 1, "col": 0, "color": "red"}, "26": {"row": 0, "col": 0, "color": "black"}, "27": {"row": 1, "col": 5, "color": "red"}, "28": {"row": 0, "col": 5, "color": "black"}, "29": {"row": 1, "col": 6, "color": "red"}, "30": {"row": 5, "col": 1, "color": "black"}, "31": {"row": 4, "col": 1, "color": "red"}}}